{
  "bounding_box": {
    "north": 38.390362,
    "south": 37.268569,
    "east": -121.731963,
    "west": -122.984661
  }
}
