{
  "bounding_box": {
    "lat_min": 37.268569,
    "lat_max": 38.390362,
    "lon_min": -122.984661,
    "lon_max": -121.731963
  }
}
